{
  "candidates": [
    {
      "arc_heuristic_score": 0.0251930099616584,
      "grid": [
        [
          2,
          6
        ],
        [
          6,
          2
        ]
      ],
      "mean_confidence": 0.77734375,
      "mean_entropy": 0.00011512691708048806,
      "mean_token_log_prob": -0.27404510974884033,
      "prior_bonus": 0.05,
      "score": -0.19885209978718194,
      "shape": [
        2,
        2
      ],
      "shape_log_prob": 0.0,
      "source": "query_input",
      "steps_used": 64,
      "temporal_consistency": 0.61328125
    },
    {
      "arc_heuristic_score": 0.04708462219685317,
      "grid": [
        [
          2,
          6,
          2,
          6,
          6,
          2
        ],
        [
          6,
          2,
          6,
          6,
          2,
          6
        ],
        [
          6,
          6,
          6,
          2,
          6,
          6
        ],
        [
          2,
          6,
          2,
          6,
          6,
          2
        ],
        [
          6,
          2,
          6,
          2,
          6,
          6
        ],
        [
          6,
          6,
          2,
          6,
          6,
          2
        ]
      ],
      "mean_confidence": 0.6814236044883728,
      "mean_entropy": 0.011654356494545937,
      "mean_token_log_prob": -0.3993004858493805,
      "prior_bonus": 0.05,
      "score": -0.30221586365252734,
      "shape": [
        6,
        6
      ],
      "shape_log_prob": 0.0,
      "source": "demo_output+shape_head",
      "steps_used": 64,
      "temporal_consistency": 0.5824652910232544
    },
    {
      "arc_heuristic_score": 0.0173155314475298,
      "grid": [
        [
          2,
          6,
          2,
          6,
          6,
          2,
          6,
          2,
          6
        ],
        [
          6,
          2,
          6,
          6,
          2,
          6,
          2,
          6,
          2
        ],
        [
          6,
          6,
          6,
          2,
          6,
          6,
          6,
          2,
          6
        ],
        [
          2,
          6,
          2,
          6,
          6,
          2,
          6,
          2,
          6
        ],
        [
          6,
          2,
          6,
          6,
          2,
          6,
          2,
          6,
          6
        ],
        [
          2,
          6,
          2,
          6,
          6,
          6,
          6,
          6,
          6
        ],
        [
          6,
          6,
          6,
          6,
          6,
          2,
          6,
          6,
          2
        ],
        [
          2,
          6,
          2,
          6,
          2,
          6,
          2,
          6,
          6
        ],
        [
          6,
          6,
          6,
          2,
          6,
          2,
          6,
          6,
          2
        ]
      ],
      "mean_confidence": 0.6873071193695068,
      "mean_entropy": 0.023980405181646347,
      "mean_token_log_prob": -0.39554375410079956,
      "prior_bonus": 0.0,
      "score": -0.7030952700227499,
      "shape": [
        9,
        9
      ],
      "shape_log_prob": -1.2994681894779205,
      "source": "shape_head",
      "steps_used": 64,
      "temporal_consistency": 0.5842978358268738
    },
    {
      "arc_heuristic_score": 0.01841062696650625,
      "grid": [
        [
          2,
          6,
          6,
          2,
          6,
          2
        ],
        [
          6,
          6,
          2,
          6,
          2,
          6
        ],
        [
          6,
          2,
          6,
          6,
          6,
          6
        ],
        [
          2,
          6,
          2,
          6,
          6,
          2
        ],
        [
          6,
          2,
          6,
          2,
          6,
          6
        ],
        [
          6,
          6,
          2,
          6,
          2,
          6
        ],
        [
          2,
          6,
          6,
          6,
          6,
          2
        ],
        [
          6,
          2,
          6,
          6,
          2,
          6
        ],
        [
          2,
          6,
          2,
          6,
          6,
          2
        ]
      ],
      "mean_confidence": 0.6984953880310059,
      "mean_entropy": 0.012628539465367794,
      "mean_token_log_prob": -0.3785509169101715,
      "prior_bonus": 0.0,
      "score": -0.782685626130551,
      "shape": [
        9,
        6
      ],
      "shape_log_prob": -1.6901813447475433,
      "source": "shape_head",
      "steps_used": 64,
      "temporal_consistency": 0.5873842835426331
    },
    {
      "arc_heuristic_score": 0.018247327320277694,
      "grid": [
        [
          2,
          6,
          2,
          6,
          6,
          2,
          6
        ],
        [
          6,
          2,
          6,
          6,
          2,
          6,
          2
        ],
        [
          6,
          6,
          2,
          6,
          6,
          6,
          6
        ],
        [
          2,
          6,
          6,
          2,
          6,
          2,
          6
        ],
        [
          6,
          6,
          2,
          6,
          2,
          6,
          6
        ],
        [
          6,
          2,
          6,
          2,
          6,
          6,
          2
        ],
        [
          2,
          6,
          2,
          6,
          6,
          2,
          6
        ],
        [
          6,
          2,
          6,
          6,
          2,
          6,
          2
        ],
        [
          2,
          6,
          2,
          6,
          6,
          2,
          6
        ]
      ],
      "mean_confidence": 0.6961805820465088,
      "mean_entropy": 0.012112999334931374,
      "mean_token_log_prob": -0.3815957009792328,
      "prior_bonus": 0.0,
      "score": -1.0707625760510564,
      "shape": [
        9,
        7
      ],
      "shape_log_prob": -2.829656809568405,
      "source": "shape_head",
      "steps_used": 64,
      "temporal_consistency": 0.5868055820465088
    }
  ],
  "confidence_grid": [
    [
      0.796875,
      0.828125
    ],
    [
      0.9531249403953552,
      0.53125
    ]
  ],
  "confidence_trajectory": [],
  "expected_grid": [
    [
      8,
      6,
      8,
      6,
      8,
      6
    ],
    [
      6,
      4,
      6,
      4,
      6,
      4
    ],
    [
      6,
      8,
      6,
      8,
      6,
      8
    ],
    [
      4,
      6,
      4,
      6,
      4,
      6
    ],
    [
      8,
      6,
      8,
      6,
      8,
      6
    ],
    [
      6,
      4,
      6,
      4,
      6,
      4
    ]
  ],
  "metrics": {
    "cell_acc": 0.05555555555555555,
    "cell_count": 36,
    "color_hist_l1": 1.0,
    "correct_count": 2,
    "exact": false,
    "mean_confidence": 0.77734375,
    "mean_token_log_prob": -0.27404510974884033,
    "nonzero_iou": 0.1111111111111111
  },
  "predicted_grid": [
    [
      2,
      6
    ],
    [
      6,
      2
    ]
  ],
  "predicted_shape": [
    2,
    2
  ],
  "revealed_trajectory": [],
  "target_shape": [
    6,
    6
  ],
  "task_id": "00576224",
  "token_log_prob_grid": [
    [
      -0.22705745697021484,
      -0.18859116733074188
    ],
    [
      -0.04800922051072121,
      -0.6325225830078125
    ]
  ],
  "trajectory": []
}