{
  "candidates": [
    {
      "arc_heuristic_score": 0.06034847922710469,
      "grid": [
        [
          6,
          6
        ],
        [
          6,
          2
        ]
      ],
      "mean_confidence": 0.74609375,
      "mean_entropy": 0.0001541636447655037,
      "mean_token_log_prob": -0.31616079807281494,
      "prior_bonus": 0.05,
      "score": -0.20581231884571027,
      "shape": [
        2,
        2
      ],
      "shape_log_prob": 0.0,
      "source": "query_input",
      "steps_used": 64,
      "temporal_consistency": 0.73046875
    },
    {
      "arc_heuristic_score": 0.07323915354907513,
      "grid": [
        [
          2,
          6,
          2,
          6,
          6,
          2
        ],
        [
          6,
          2,
          6,
          6,
          6,
          6
        ],
        [
          2,
          6,
          6,
          6,
          6,
          2
        ],
        [
          6,
          6,
          2,
          6,
          6,
          6
        ],
        [
          2,
          6,
          6,
          6,
          2,
          6
        ],
        [
          6,
          6,
          2,
          6,
          6,
          2
        ]
      ],
      "mean_confidence": 0.6918402910232544,
      "mean_entropy": 0.029882732778787613,
      "mean_token_log_prob": -0.3872879147529602,
      "prior_bonus": 0.05,
      "score": -0.2640487612038851,
      "shape": [
        6,
        6
      ],
      "shape_log_prob": 0.0,
      "source": "demo_output+shape_head",
      "steps_used": 64,
      "temporal_consistency": 0.5924479365348816
    },
    {
      "arc_heuristic_score": 0.044172826856374754,
      "grid": [
        [
          2,
          6,
          2,
          6,
          2,
          6,
          2,
          6,
          2
        ],
        [
          6,
          6,
          6,
          2,
          6,
          6,
          6,
          2,
          6
        ],
        [
          2,
          6,
          2,
          6,
          6,
          2,
          6,
          6,
          2
        ],
        [
          6,
          6,
          6,
          6,
          2,
          6,
          2,
          6,
          6
        ],
        [
          2,
          6,
          2,
          6,
          6,
          6,
          6,
          2,
          6
        ],
        [
          6,
          6,
          6,
          6,
          6,
          2,
          6,
          6,
          2
        ],
        [
          6,
          6,
          2,
          6,
          2,
          6,
          2,
          6,
          6
        ],
        [
          6,
          2,
          6,
          2,
          6,
          2,
          6,
          6,
          2
        ],
        [
          6,
          6,
          2,
          6,
          6,
          6,
          2,
          6,
          6
        ]
      ],
      "mean_confidence": 0.7033178806304932,
      "mean_entropy": 0.07241559773683548,
      "mean_token_log_prob": -0.3753422796726227,
      "prior_bonus": 0.0,
      "score": -0.6534661765396594,
      "shape": [
        9,
        9
      ],
      "shape_log_prob": -1.2891868948936462,
      "source": "shape_head",
      "steps_used": 64,
      "temporal_consistency": 0.6045524477958679
    },
    {
      "arc_heuristic_score": 0.044854771196842204,
      "grid": [
        [
          2,
          6,
          2,
          6,
          6,
          2
        ],
        [
          6,
          2,
          6,
          6,
          6,
          6
        ],
        [
          2,
          6,
          6,
          2,
          6,
          2
        ],
        [
          6,
          6,
          2,
          6,
          6,
          6
        ],
        [
          6,
          2,
          6,
          6,
          2,
          6
        ],
        [
          2,
          6,
          6,
          6,
          6,
          2
        ],
        [
          6,
          6,
          2,
          6,
          2,
          6
        ],
        [
          2,
          6,
          6,
          2,
          6,
          2
        ],
        [
          6,
          6,
          2,
          6,
          2,
          6
        ]
      ],
      "mean_confidence": 0.7025462985038757,
      "mean_entropy": 0.0648425966501236,
      "mean_token_log_prob": -0.37427324056625366,
      "prior_bonus": 0.0,
      "score": -0.7925394812226295,
      "shape": [
        9,
        6
      ],
      "shape_log_prob": -1.8524840474128723,
      "source": "shape_head",
      "steps_used": 64,
      "temporal_consistency": 0.6102430820465088
    },
    {
      "arc_heuristic_score": 0.04317950855940581,
      "grid": [
        [
          2,
          6,
          2,
          6,
          2,
          6,
          2,
          6,
          2
        ],
        [
          6,
          6,
          6,
          2,
          6,
          6,
          6,
          6,
          6
        ],
        [
          2,
          6,
          2,
          6,
          6,
          2,
          6,
          2,
          6
        ],
        [
          6,
          6,
          6,
          6,
          2,
          6,
          2,
          6,
          6
        ],
        [
          2,
          6,
          2,
          6,
          6,
          6,
          6,
          2,
          6
        ],
        [
          6,
          6,
          6,
          6,
          6,
          2,
          6,
          6,
          2
        ]
      ],
      "mean_confidence": 0.6950231194496155,
      "mean_entropy": 0.029971325770020485,
      "mean_token_log_prob": -0.3841283619403839,
      "prior_bonus": 0.0,
      "score": -0.9900221263244748,
      "shape": [
        6,
        9
      ],
      "shape_log_prob": -2.596293091773987,
      "source": "shape_head",
      "steps_used": 64,
      "temporal_consistency": 0.5902777910232544
    }
  ],
  "confidence_grid": [
    [
      0.6718750596046448,
      0.84375
    ],
    [
      0.9375,
      0.53125
    ]
  ],
  "confidence_trajectory": [],
  "expected_grid": [
    [
      7,
      9,
      7,
      9,
      7,
      9
    ],
    [
      4,
      3,
      4,
      3,
      4,
      3
    ],
    [
      9,
      7,
      9,
      7,
      9,
      7
    ],
    [
      3,
      4,
      3,
      4,
      3,
      4
    ],
    [
      7,
      9,
      7,
      9,
      7,
      9
    ],
    [
      4,
      3,
      4,
      3,
      4,
      3
    ]
  ],
  "metrics": {
    "cell_acc": 0.0,
    "cell_count": 36,
    "color_hist_l1": 1.1111111111111112,
    "correct_count": 0,
    "exact": false,
    "mean_confidence": 0.74609375,
    "mean_token_log_prob": -0.31616079807281494,
    "nonzero_iou": 0.1111111111111111
  },
  "predicted_grid": [
    [
      6,
      6
    ],
    [
      6,
      2
    ]
  ],
  "predicted_shape": [
    2,
    2
  ],
  "revealed_trajectory": [],
  "target_shape": [
    6,
    6
  ],
  "task_id": "00576224",
  "token_log_prob_grid": [
    [
      -0.39768296480178833,
      -0.16989903151988983
    ],
    [
      -0.06453852355480194,
      -0.6325225830078125
    ]
  ],
  "trajectory": []
}