{
  "candidates": [
    {
      "arc_heuristic_score": 0.12516348169584363,
      "grid": [
        [
          8,
          2
        ],
        [
          2,
          2
        ]
      ],
      "mean_confidence": 0.75,
      "mean_entropy": 0.002986629493534565,
      "mean_token_log_prob": -0.3138459324836731,
      "prior_bonus": 0.05,
      "score": -0.13868245078782948,
      "shape": [
        2,
        2
      ],
      "shape_log_prob": 0.0,
      "source": "query_input",
      "steps_used": 64,
      "temporal_consistency": 0.734375
    },
    {
      "arc_heuristic_score": 0.13221660240952457,
      "grid": [
        [
          6,
          2,
          6,
          2,
          2,
          6
        ],
        [
          2,
          6,
          2,
          6,
          6,
          2
        ],
        [
          6,
          2,
          6,
          2,
          6,
          6
        ],
        [
          6,
          6,
          6,
          6,
          2,
          6
        ],
        [
          2,
          6,
          2,
          6,
          6,
          2
        ],
        [
          6,
          2,
          6,
          6,
          2,
          6
        ]
      ],
      "mean_confidence": 0.6692708134651184,
      "mean_entropy": 0.01968814991414547,
      "mean_token_log_prob": -0.41888707876205444,
      "prior_bonus": 0.05,
      "score": -0.23667047635252988,
      "shape": [
        6,
        6
      ],
      "shape_log_prob": 0.0,
      "source": "demo_output+shape_head",
      "steps_used": 64,
      "temporal_consistency": 0.5486111044883728
    },
    {
      "arc_heuristic_score": 0.10152600485299315,
      "grid": [
        [
          6,
          2,
          6,
          6,
          2,
          6
        ],
        [
          2,
          6,
          2,
          6,
          6,
          2
        ],
        [
          6,
          2,
          6,
          6,
          2,
          6
        ],
        [
          6,
          6,
          2,
          6,
          6,
          2
        ],
        [
          6,
          2,
          6,
          6,
          2,
          6
        ],
        [
          2,
          6,
          6,
          2,
          6,
          6
        ],
        [
          6,
          6,
          2,
          6,
          6,
          2
        ],
        [
          6,
          2,
          6,
          2,
          6,
          6
        ],
        [
          2,
          6,
          2,
          6,
          6,
          2
        ]
      ],
      "mean_confidence": 0.6660879850387573,
      "mean_entropy": 0.02600640431046486,
      "mean_token_log_prob": -0.42567139863967896,
      "prior_bonus": 0.0,
      "score": -0.6940256230213813,
      "shape": [
        9,
        6
      ],
      "shape_log_prob": -1.4795209169387817,
      "source": "shape_head",
      "steps_used": 64,
      "temporal_consistency": 0.5445601940155029
    },
    {
      "arc_heuristic_score": 0.15352616549602577,
      "grid": [
        [
          2,
          6,
          2,
          6,
          2,
          6,
          2,
          6,
          2
        ],
        [
          6,
          2,
          6,
          2,
          6,
          2,
          6,
          2,
          6
        ],
        [
          3,
          6,
          2,
          6,
          2,
          6,
          2,
          6,
          2
        ],
        [
          6,
          2,
          2,
          2,
          6,
          2,
          6,
          2,
          6
        ],
        [
          2,
          6,
          2,
          6,
          2,
          6,
          2,
          6,
          2
        ],
        [
          3,
          2,
          6,
          2,
          6,
          6,
          6,
          3,
          6
        ],
        [
          9,
          3,
          6,
          9,
          3,
          3,
          3,
          9,
          4
        ],
        [
          3,
          3,
          6,
          3,
          3,
          3,
          3,
          3,
          3
        ],
        [
          9,
          3,
          6,
          2,
          6,
          6,
          6,
          7,
          6
        ]
      ],
      "mean_confidence": 0.6560571193695068,
      "mean_entropy": 0.05455324426293373,
      "mean_token_log_prob": -0.4363281726837158,
      "prior_bonus": 0.0,
      "score": -0.7790610408676522,
      "shape": [
        9,
        9
      ],
      "shape_log_prob": -1.9850361347198486,
      "source": "shape_head",
      "steps_used": 64,
      "temporal_consistency": 0.5038580298423767
    },
    {
      "arc_heuristic_score": 0.1171068059919136,
      "grid": [
        [
          2,
          6,
          2,
          6,
          2,
          6,
          2,
          6,
          2
        ],
        [
          6,
          6,
          6,
          2,
          6,
          2,
          6,
          2,
          6
        ],
        [
          3,
          6,
          6,
          6,
          2,
          6,
          2,
          6,
          2
        ],
        [
          6,
          6,
          2,
          6,
          6,
          6,
          6,
          2,
          6
        ],
        [
          2,
          2,
          6,
          2,
          6,
          2,
          6,
          6,
          6
        ],
        [
          2,
          6,
          2,
          6,
          6,
          6,
          2,
          6,
          6
        ]
      ],
      "mean_confidence": 0.6747685074806213,
      "mean_entropy": 0.029249487444758415,
      "mean_token_log_prob": -0.41338804364204407,
      "prior_bonus": 0.0,
      "score": -0.9541529608251793,
      "shape": [
        6,
        9
      ],
      "shape_log_prob": -2.6314868927001953,
      "source": "shape_head",
      "steps_used": 64,
      "temporal_consistency": 0.5538194179534912
    }
  ],
  "confidence_grid": [
    [
      0.53125,
      0.84375
    ],
    [
      0.9687500596046448,
      0.65625
    ]
  ],
  "confidence_trajectory": [],
  "expected_grid": [
    [
      3,
      2,
      3,
      2,
      3,
      2
    ],
    [
      7,
      8,
      7,
      8,
      7,
      8
    ],
    [
      2,
      3,
      2,
      3,
      2,
      3
    ],
    [
      8,
      7,
      8,
      7,
      8,
      7
    ],
    [
      3,
      2,
      3,
      2,
      3,
      2
    ],
    [
      7,
      8,
      7,
      8,
      7,
      8
    ]
  ],
  "metrics": {
    "cell_acc": 0.027777777777777776,
    "cell_count": 36,
    "color_hist_l1": 0.8888888888888888,
    "correct_count": 1,
    "exact": false,
    "mean_confidence": 0.75,
    "mean_token_log_prob": -0.3138459622859955,
    "nonzero_iou": 0.1111111111111111
  },
  "predicted_grid": [
    [
      8,
      2
    ],
    [
      2,
      2
    ]
  ],
  "predicted_shape": [
    2,
    2
  ],
  "revealed_trajectory": [],
  "target_shape": [
    6,
    6
  ],
  "task_id": "00576224",
  "token_log_prob_grid": [
    [
      -0.6325225830078125,
      -0.16989903151988983
    ],
    [
      -0.0317486971616745,
      -0.4212134778499603
    ]
  ],
  "trajectory": []
}