{
  "candidates": [
    {
      "arc_heuristic_score": 0.027507669753395032,
      "grid": [
        [
          2,
          6
        ],
        [
          6,
          2
        ]
      ],
      "mean_confidence": 0.79296875,
      "mean_entropy": 0.001569637330248952,
      "mean_token_log_prob": -0.2573697566986084,
      "prior_bonus": 0.05,
      "score": -0.17986208694521338,
      "shape": [
        2,
        2
      ],
      "shape_log_prob": 0.0,
      "source": "query_input",
      "steps_used": 64,
      "temporal_consistency": 0.62890625
    },
    {
      "arc_heuristic_score": 0.047236533574759966,
      "grid": [
        [
          6,
          6,
          6,
          2,
          6,
          2
        ],
        [
          2,
          6,
          2,
          6,
          2,
          6
        ],
        [
          6,
          6,
          6,
          2,
          6,
          6
        ],
        [
          6,
          6,
          2,
          6,
          6,
          2
        ],
        [
          6,
          6,
          6,
          2,
          6,
          6
        ],
        [
          2,
          6,
          2,
          6,
          6,
          2
        ]
      ],
      "mean_confidence": 0.6766493320465088,
      "mean_entropy": 0.011654356494545937,
      "mean_token_log_prob": -0.40950092673301697,
      "prior_bonus": 0.05,
      "score": -0.312264393158257,
      "shape": [
        6,
        6
      ],
      "shape_log_prob": 0.0,
      "source": "demo_output+shape_head",
      "steps_used": 64,
      "temporal_consistency": 0.5863715410232544
    },
    {
      "arc_heuristic_score": 0.05986954140166442,
      "grid": [
        [
          2,
          6,
          2,
          6,
          6,
          2,
          6,
          2,
          6
        ],
        [
          6,
          2,
          6,
          6,
          2,
          6,
          2,
          6,
          2
        ],
        [
          6,
          6,
          6,
          6,
          6,
          6,
          6,
          6,
          6
        ],
        [
          6,
          6,
          2,
          6,
          6,
          2,
          6,
          2,
          6
        ],
        [
          2,
          6,
          6,
          6,
          2,
          6,
          2,
          6,
          6
        ],
        [
          3,
          6,
          2,
          6,
          6,
          2,
          6,
          6,
          6
        ],
        [
          6,
          6,
          6,
          2,
          6,
          6,
          2,
          6,
          2
        ],
        [
          3,
          6,
          6,
          6,
          6,
          2,
          6,
          6,
          6
        ],
        [
          2,
          6,
          2,
          6,
          2,
          6,
          2,
          6,
          2
        ]
      ],
      "mean_confidence": 0.6869212985038757,
      "mean_entropy": 0.023980405181646347,
      "mean_token_log_prob": -0.39761796593666077,
      "prior_bonus": 0.0,
      "score": -0.6626154719044764,
      "shape": [
        9,
        9
      ],
      "shape_log_prob": -1.2994681894779205,
      "source": "shape_head",
      "steps_used": 64,
      "temporal_consistency": 0.5933641791343689
    },
    {
      "arc_heuristic_score": 0.018470084834843883,
      "grid": [
        [
          6,
          6,
          6,
          2,
          6,
          2
        ],
        [
          2,
          6,
          2,
          6,
          2,
          6
        ],
        [
          6,
          6,
          6,
          2,
          6,
          6
        ],
        [
          6,
          6,
          2,
          6,
          6,
          2
        ],
        [
          6,
          2,
          6,
          2,
          6,
          6
        ],
        [
          2,
          6,
          2,
          6,
          2,
          6
        ],
        [
          6,
          6,
          6,
          2,
          6,
          2
        ],
        [
          6,
          2,
          6,
          6,
          2,
          6
        ],
        [
          2,
          6,
          2,
          6,
          6,
          2
        ]
      ],
      "mean_confidence": 0.6889467835426331,
      "mean_entropy": 0.014719209633767605,
      "mean_token_log_prob": -0.39647817611694336,
      "prior_bonus": 0.0,
      "score": -0.8005534274689853,
      "shape": [
        9,
        6
      ],
      "shape_log_prob": -1.6901813447475433,
      "source": "shape_head",
      "steps_used": 64,
      "temporal_consistency": 0.5931712985038757
    },
    {
      "arc_heuristic_score": 0.06195957406113546,
      "grid": [
        [
          6,
          6,
          6,
          2,
          6,
          2,
          6
        ],
        [
          2,
          6,
          2,
          6,
          2,
          6,
          2
        ],
        [
          6,
          6,
          6,
          2,
          6,
          6,
          6
        ],
        [
          6,
          6,
          2,
          6,
          6,
          2,
          6
        ],
        [
          2,
          6,
          6,
          6,
          2,
          6,
          2
        ],
        [
          6,
          2,
          6,
          2,
          6,
          2,
          6
        ],
        [
          2,
          6,
          2,
          6,
          2,
          6,
          4
        ],
        [
          6,
          6,
          6,
          6,
          6,
          6,
          2
        ],
        [
          6,
          6,
          2,
          6,
          6,
          2,
          6
        ]
      ],
      "mean_confidence": 0.6989087462425232,
      "mean_entropy": 0.015860674902796745,
      "mean_token_log_prob": -0.3854634463787079,
      "prior_bonus": 0.0,
      "score": -1.0309180747096738,
      "shape": [
        9,
        7
      ],
      "shape_log_prob": -2.829656809568405,
      "source": "shape_head",
      "steps_used": 64,
      "temporal_consistency": 0.6066468358039856
    }
  ],
  "confidence_grid": [
    [
      0.796875,
      1.0
    ],
    [
      0.84375,
      0.53125
    ]
  ],
  "confidence_trajectory": [],
  "expected_grid": [
    [
      8,
      6,
      8,
      6,
      8,
      6
    ],
    [
      6,
      4,
      6,
      4,
      6,
      4
    ],
    [
      6,
      8,
      6,
      8,
      6,
      8
    ],
    [
      4,
      6,
      4,
      6,
      4,
      6
    ],
    [
      8,
      6,
      8,
      6,
      8,
      6
    ],
    [
      6,
      4,
      6,
      4,
      6,
      4
    ]
  ],
  "metrics": {
    "cell_acc": 0.05555555555555555,
    "cell_count": 36,
    "color_hist_l1": 1.0,
    "correct_count": 2,
    "exact": false,
    "mean_confidence": 0.79296875,
    "mean_token_log_prob": -0.2573697566986084,
    "nonzero_iou": 0.1111111111111111
  },
  "predicted_grid": [
    [
      2,
      6
    ],
    [
      6,
      2
    ]
  ],
  "predicted_shape": [
    2,
    2
  ],
  "revealed_trajectory": [],
  "target_shape": [
    6,
    6
  ],
  "task_id": "00576224",
  "token_log_prob_grid": [
    [
      -0.22705745697021484,
      0.0
    ],
    [
      -0.16989903151988983,
      -0.6325225830078125
    ]
  ],
  "trajectory": []
}