{
  "candidates": [
    {
      "arc_heuristic_score": 0.06268765268498103,
      "grid": [
        [
          6,
          6
        ],
        [
          6,
          2
        ]
      ],
      "mean_confidence": 0.76171875,
      "mean_entropy": 0.0003829907509498298,
      "mean_token_log_prob": -0.30002614855766296,
      "prior_bonus": 0.05,
      "score": -0.18733849587268195,
      "shape": [
        2,
        2
      ],
      "shape_log_prob": 0.0,
      "source": "query_input",
      "steps_used": 64,
      "temporal_consistency": 0.74609375
    },
    {
      "arc_heuristic_score": 0.07307948794215918,
      "grid": [
        [
          6,
          6,
          2,
          6,
          2,
          6
        ],
        [
          6,
          2,
          6,
          2,
          6,
          2
        ],
        [
          6,
          6,
          6,
          6,
          2,
          6
        ],
        [
          2,
          6,
          2,
          6,
          6,
          2
        ],
        [
          6,
          6,
          6,
          6,
          2,
          6
        ],
        [
          2,
          6,
          2,
          6,
          6,
          2
        ]
      ],
      "mean_confidence": 0.6857638955116272,
      "mean_entropy": 0.0291853416711092,
      "mean_token_log_prob": -0.40376928448677063,
      "prior_bonus": 0.05,
      "score": -0.28068979654461146,
      "shape": [
        6,
        6
      ],
      "shape_log_prob": 0.0,
      "source": "demo_output+shape_head",
      "steps_used": 64,
      "temporal_consistency": 0.59375
    },
    {
      "arc_heuristic_score": 0.043806314915418636,
      "grid": [
        [
          6,
          6,
          2,
          6,
          2,
          6,
          2,
          6,
          2
        ],
        [
          6,
          6,
          6,
          2,
          6,
          6,
          6,
          2,
          6
        ],
        [
          6,
          6,
          2,
          6,
          6,
          2,
          6,
          6,
          2
        ],
        [
          6,
          6,
          6,
          6,
          2,
          6,
          2,
          6,
          6
        ],
        [
          2,
          6,
          2,
          6,
          6,
          6,
          6,
          2,
          6
        ],
        [
          6,
          2,
          6,
          2,
          6,
          2,
          6,
          6,
          6
        ],
        [
          2,
          6,
          2,
          6,
          2,
          6,
          2,
          6,
          2
        ],
        [
          6,
          2,
          6,
          6,
          6,
          2,
          6,
          2,
          6
        ],
        [
          2,
          6,
          2,
          6,
          6,
          6,
          2,
          6,
          6
        ]
      ],
      "mean_confidence": 0.6971450448036194,
      "mean_entropy": 0.07241559773683548,
      "mean_token_log_prob": -0.3932751417160034,
      "prior_bonus": 0.0,
      "score": -0.6717655505239963,
      "shape": [
        9,
        9
      ],
      "shape_log_prob": -1.2891868948936462,
      "source": "shape_head",
      "steps_used": 64,
      "temporal_consistency": 0.6039737462997437
    },
    {
      "arc_heuristic_score": 0.044453111886978154,
      "grid": [
        [
          6,
          6,
          2,
          6,
          2,
          6
        ],
        [
          6,
          2,
          6,
          2,
          6,
          2
        ],
        [
          6,
          6,
          6,
          6,
          2,
          6
        ],
        [
          2,
          6,
          2,
          6,
          6,
          2
        ],
        [
          6,
          6,
          6,
          6,
          2,
          6
        ],
        [
          6,
          6,
          6,
          2,
          6,
          6
        ],
        [
          2,
          6,
          2,
          6,
          6,
          2
        ],
        [
          6,
          6,
          6,
          6,
          2,
          6
        ],
        [
          2,
          6,
          2,
          6,
          6,
          6
        ]
      ],
      "mean_confidence": 0.6953125,
      "mean_entropy": 0.06539416313171387,
      "mean_token_log_prob": -0.3915998637676239,
      "prior_bonus": 0.0,
      "score": -0.8102677637338638,
      "shape": [
        9,
        6
      ],
      "shape_log_prob": -1.8524840474128723,
      "source": "shape_head",
      "steps_used": 64,
      "temporal_consistency": 0.6099537014961243
    },
    {
      "arc_heuristic_score": 0.06258215218782426,
      "grid": [
        [
          2,
          6,
          2,
          6,
          2,
          6,
          2,
          6,
          2
        ],
        [
          6,
          6,
          6,
          2,
          6,
          6,
          6,
          2,
          6
        ],
        [
          2,
          6,
          2,
          6,
          6,
          2,
          6,
          6,
          2
        ],
        [
          6,
          6,
          6,
          2,
          2,
          6,
          2,
          6,
          6
        ],
        [
          6,
          6,
          2,
          6,
          6,
          6,
          6,
          2,
          6
        ],
        [
          2,
          7,
          6,
          2,
          6,
          2,
          6,
          6,
          2
        ]
      ],
      "mean_confidence": 0.6866319179534912,
      "mean_entropy": 0.030180618166923523,
      "mean_token_log_prob": -0.4106355309486389,
      "prior_bonus": 0.0,
      "score": -0.9971266517043114,
      "shape": [
        6,
        9
      ],
      "shape_log_prob": -2.596293091773987,
      "source": "shape_head",
      "steps_used": 64,
      "temporal_consistency": 0.5885416865348816
    }
  ],
  "confidence_grid": [
    [
      0.6718750596046448,
      1.0
    ],
    [
      0.84375,
      0.53125
    ]
  ],
  "confidence_trajectory": [],
  "expected_grid": [
    [
      7,
      9,
      7,
      9,
      7,
      9
    ],
    [
      4,
      3,
      4,
      3,
      4,
      3
    ],
    [
      9,
      7,
      9,
      7,
      9,
      7
    ],
    [
      3,
      4,
      3,
      4,
      3,
      4
    ],
    [
      7,
      9,
      7,
      9,
      7,
      9
    ],
    [
      4,
      3,
      4,
      3,
      4,
      3
    ]
  ],
  "metrics": {
    "cell_acc": 0.0,
    "cell_count": 36,
    "color_hist_l1": 1.1111111111111112,
    "correct_count": 0,
    "exact": false,
    "mean_confidence": 0.76171875,
    "mean_token_log_prob": -0.30002614855766296,
    "nonzero_iou": 0.1111111111111111
  },
  "predicted_grid": [
    [
      6,
      6
    ],
    [
      6,
      2
    ]
  ],
  "predicted_shape": [
    2,
    2
  ],
  "revealed_trajectory": [],
  "target_shape": [
    6,
    6
  ],
  "task_id": "00576224",
  "token_log_prob_grid": [
    [
      -0.39768296480178833,
      0.0
    ],
    [
      -0.16989903151988983,
      -0.6325225830078125
    ]
  ],
  "trajectory": []
}