{
  "candidates": [
    {
      "arc_heuristic_score": 0.1269212941958436,
      "grid": [
        [
          8,
          2
        ],
        [
          2,
          2
        ]
      ],
      "mean_confidence": 0.76171875,
      "mean_entropy": 0.002986629493534565,
      "mean_token_log_prob": -0.30002614855766296,
      "prior_bonus": 0.05,
      "score": -0.12310485436181937,
      "shape": [
        2,
        2
      ],
      "shape_log_prob": 0.0,
      "source": "query_input",
      "steps_used": 64,
      "temporal_consistency": 0.74609375
    },
    {
      "arc_heuristic_score": 0.1468929446754711,
      "grid": [
        [
          6,
          2,
          6,
          2,
          6,
          2
        ],
        [
          6,
          6,
          2,
          6,
          2,
          6
        ],
        [
          6,
          2,
          6,
          2,
          6,
          6
        ],
        [
          3,
          6,
          2,
          6,
          6,
          2
        ],
        [
          6,
          2,
          6,
          2,
          6,
          6
        ],
        [
          2,
          6,
          2,
          6,
          2,
          6
        ]
      ],
      "mean_confidence": 0.6753472089767456,
      "mean_entropy": 0.01968814991414547,
      "mean_token_log_prob": -0.4110476076602936,
      "prior_bonus": 0.05,
      "score": -0.2141546629848225,
      "shape": [
        6,
        6
      ],
      "shape_log_prob": 0.0,
      "source": "demo_output+shape_head",
      "steps_used": 64,
      "temporal_consistency": 0.5494791865348816
    },
    {
      "arc_heuristic_score": 0.11446623368987016,
      "grid": [
        [
          6,
          2,
          6,
          2,
          6,
          2
        ],
        [
          6,
          6,
          2,
          6,
          2,
          6
        ],
        [
          6,
          2,
          6,
          2,
          6,
          6
        ],
        [
          3,
          6,
          2,
          6,
          6,
          2
        ],
        [
          6,
          2,
          6,
          6,
          2,
          6
        ],
        [
          6,
          6,
          6,
          2,
          6,
          6
        ],
        [
          2,
          6,
          2,
          6,
          6,
          2
        ],
        [
          6,
          2,
          6,
          2,
          2,
          6
        ],
        [
          2,
          6,
          2,
          6,
          6,
          2
        ]
      ],
      "mean_confidence": 0.6605902910232544,
      "mean_entropy": 0.02600640431046486,
      "mean_token_log_prob": -0.43627944588661194,
      "prior_bonus": 0.0,
      "score": -0.6916934414314372,
      "shape": [
        9,
        6
      ],
      "shape_log_prob": -1.4795209169387817,
      "source": "shape_head",
      "steps_used": 64,
      "temporal_consistency": 0.5338541865348816
    },
    {
      "arc_heuristic_score": 0.12846747899694103,
      "grid": [
        [
          2,
          6,
          2,
          6,
          2,
          6,
          2,
          6,
          2
        ],
        [
          6,
          2,
          6,
          2,
          6,
          2,
          6,
          2,
          6
        ],
        [
          3,
          6,
          6,
          6,
          2,
          6,
          2,
          6,
          2
        ],
        [
          6,
          6,
          2,
          6,
          6,
          2,
          6,
          2,
          6
        ],
        [
          2,
          2,
          6,
          2,
          6,
          6,
          6,
          2,
          6
        ],
        [
          6,
          7,
          6,
          2,
          2,
          6,
          2,
          6,
          2
        ],
        [
          3,
          6,
          2,
          3,
          6,
          2,
          6,
          2,
          6
        ],
        [
          6,
          2,
          6,
          6,
          2,
          6,
          2,
          6,
          6
        ],
        [
          2,
          6,
          2,
          2,
          6,
          2,
          6,
          7,
          2
        ]
      ],
      "mean_confidence": 0.6604938507080078,
      "mean_entropy": 0.03275483474135399,
      "mean_token_log_prob": -0.44169989228248596,
      "prior_bonus": 0.0,
      "score": -0.8094914469655071,
      "shape": [
        9,
        9
      ],
      "shape_log_prob": -1.9850361347198486,
      "source": "shape_head",
      "steps_used": 64,
      "temporal_consistency": 0.5324074029922485
    },
    {
      "arc_heuristic_score": 0.11769998247602158,
      "grid": [
        [
          2,
          6,
          2,
          6,
          2,
          6,
          2,
          6,
          2
        ],
        [
          6,
          2,
          6,
          2,
          6,
          2,
          6,
          2,
          6
        ],
        [
          3,
          6,
          6,
          6,
          2,
          6,
          2,
          6,
          2
        ],
        [
          6,
          6,
          2,
          6,
          6,
          2,
          6,
          2,
          6
        ],
        [
          3,
          2,
          6,
          2,
          6,
          6,
          6,
          2,
          6
        ],
        [
          3,
          6,
          6,
          2,
          2,
          6,
          6,
          6,
          6
        ]
      ],
      "mean_confidence": 0.6796875,
      "mean_entropy": 0.029249487444758415,
      "mean_token_log_prob": -0.4097299873828888,
      "prior_bonus": 0.0,
      "score": -0.9499017280819161,
      "shape": [
        6,
        9
      ],
      "shape_log_prob": -2.6314868927001953,
      "source": "shape_head",
      "steps_used": 64,
      "temporal_consistency": 0.5572916865348816
    }
  ],
  "confidence_grid": [
    [
      0.53125,
      0.84375
    ],
    [
      1.0,
      0.6718750596046448
    ]
  ],
  "confidence_trajectory": [],
  "expected_grid": [
    [
      3,
      2,
      3,
      2,
      3,
      2
    ],
    [
      7,
      8,
      7,
      8,
      7,
      8
    ],
    [
      2,
      3,
      2,
      3,
      2,
      3
    ],
    [
      8,
      7,
      8,
      7,
      8,
      7
    ],
    [
      3,
      2,
      3,
      2,
      3,
      2
    ],
    [
      7,
      8,
      7,
      8,
      7,
      8
    ]
  ],
  "metrics": {
    "cell_acc": 0.027777777777777776,
    "cell_count": 36,
    "color_hist_l1": 0.8888888888888888,
    "correct_count": 1,
    "exact": false,
    "mean_confidence": 0.76171875,
    "mean_token_log_prob": -0.30002614855766296,
    "nonzero_iou": 0.1111111111111111
  },
  "predicted_grid": [
    [
      8,
      2
    ],
    [
      2,
      2
    ]
  ],
  "predicted_shape": [
    2,
    2
  ],
  "revealed_trajectory": [],
  "target_shape": [
    6,
    6
  ],
  "task_id": "00576224",
  "token_log_prob_grid": [
    [
      -0.6325225830078125,
      -0.16989903151988983
    ],
    [
      0.0,
      -0.39768296480178833
    ]
  ],
  "trajectory": []
}